Headline,CTA,Hero_image,Offer,Impressions,Engagements,Spends
Headline C,CTA 3,Image 2,Offer Y,4220,444,2034
Headline A,CTA 3,Image 1,Offer Y,1539,323,3980
Headline C,CTA 3,Image 1,Offer Z,2461,929,4361
Headline C,CTA 3,Image 3,Offer Z,6184,587,2485
Headline A,CTA 1,Image 1,Offer Z,9547,976,3278
Headline A,CTA 3,Image 3,Offer Y,1234,948,1770
Headline C,CTA 2,Image 3,Offer Y,2548,328,1140
Headline B,CTA 2,Image 2,Offer Y,8480,489,4578
Headline C,CTA 3,Image 2,Offer Z,5213,688,1867
Headline C,CTA 3,Image 2,Offer Y,2673,287,4542
Headline C,CTA 2,Image 3,Offer X,7708,957,3075
Headline C,CTA 2,Image 2,Offer X,8982,369,4103
Headline A,CTA 1,Image 1,Offer Y,3100,706,2081
Headline C,CTA 2,Image 1,Offer X,4748,409,2486
Headline B,CTA 2,Image 3,Offer X,4173,231,2740
Headline A,CTA 3,Image 3,Offer Z,2815,650,4466
Headline B,CTA 2,Image 2,Offer Y,4841,171,2605
Headline B,CTA 1,Image 3,Offer Y,9016,892,628
Headline B,CTA 2,Image 3,Offer Z,8011,944,4496
Headline B,CTA 3,Image 1,Offer X,5493,771,1351
Headline A,CTA 3,Image 1,Offer X,1674,286,4603
Headline A,CTA 2,Image 2,Offer Y,9088,585,2576
Headline B,CTA 3,Image 3,Offer X,9578,290,3494
Headline B,CTA 1,Image 3,Offer Z,3158,521,4244
Headline A,CTA 1,Image 1,Offer Z,3661,219,3256
Headline A,CTA 2,Image 3,Offer Y,3064,319,2144
Headline A,CTA 2,Image 1,Offer Z,4253,152,4871
Headline C,CTA 2,Image 2,Offer Z,5979,833,3644
Headline C,CTA 3,Image 1,Offer Y,8703,550,742
Headline C,CTA 1,Image 3,Offer Z,9931,511,4585
Headline B,CTA 1,Image 2,Offer Z,2401,742,670
Headline C,CTA 3,Image 1,Offer Z,4259,336,1152
Headline B,CTA 1,Image 1,Offer X,4923,857,4012
Headline B,CTA 2,Image 2,Offer Y,5214,837,1999
Headline C,CTA 2,Image 2,Offer Y,4227,819,2599
Headline B,CTA 2,Image 1,Offer Y,3745,505,2658
Headline C,CTA 1,Image 3,Offer X,7091,707,2472
Headline C,CTA 2,Image 1,Offer X,4866,521,4425
Headline A,CTA 3,Image 2,Offer Y,6818,811,2758
Headline C,CTA 3,Image 1,Offer X,3222,346,4539
Headline A,CTA 1,Image 2,Offer Y,3792,171,2535
Headline C,CTA 3,Image 2,Offer X,5063,929,3771
Headline C,CTA 3,Image 3,Offer Z,2524,284,1357
Headline A,CTA 1,Image 2,Offer Z,9224,105,4323
Headline A,CTA 2,Image 2,Offer Y,7198,305,1549
Headline C,CTA 2,Image 3,Offer X,5025,643,4490
Headline B,CTA 2,Image 2,Offer X,3566,710,798
Headline A,CTA 1,Image 3,Offer Z,3803,486,1423
Headline B,CTA 3,Image 3,Offer Z,4709,867,4732
Headline B,CTA 2,Image 2,Offer X,7155,798,4806
Headline B,CTA 2,Image 2,Offer X,1719,175,3299
Headline A,CTA 1,Image 1,Offer X,7516,276,4562
Headline B,CTA 2,Image 3,Offer X,5579,926,4545
Headline A,CTA 1,Image 1,Offer X,1972,898,2302
Headline B,CTA 3,Image 2,Offer X,4718,448,3213
Headline C,CTA 1,Image 1,Offer Y,8395,354,3353
Headline C,CTA 1,Image 3,Offer X,5402,936,3157
Headline A,CTA 1,Image 1,Offer Z,5552,801,3846
Headline C,CTA 1,Image 3,Offer Y,3207,407,1971
Headline C,CTA 3,Image 2,Offer X,5426,444,3449
Headline B,CTA 3,Image 2,Offer Z,7919,226,1441
Headline A,CTA 2,Image 3,Offer Y,9835,386,2407
Headline B,CTA 3,Image 2,Offer Z,9386,865,1743
Headline B,CTA 3,Image 2,Offer X,9680,824,4923
Headline B,CTA 2,Image 2,Offer X,3204,861,1966
Headline B,CTA 3,Image 2,Offer X,6345,695,4457
Headline B,CTA 1,Image 3,Offer X,4276,586,2466
Headline B,CTA 1,Image 1,Offer Y,2102,482,875
Headline B,CTA 2,Image 1,Offer Y,6243,505,762
Headline A,CTA 2,Image 2,Offer Z,7614,487,4862
Headline C,CTA 2,Image 1,Offer X,9707,624,3888
Headline B,CTA 1,Image 1,Offer Z,6223,656,3895
Headline B,CTA 3,Image 2,Offer Y,9584,738,2444
Headline B,CTA 1,Image 2,Offer X,1630,725,2393
Headline B,CTA 2,Image 1,Offer X,7683,375,4134
Headline B,CTA 3,Image 3,Offer Y,1277,599,2152
Headline B,CTA 3,Image 2,Offer Y,1232,816,4641
Headline C,CTA 1,Image 3,Offer Y,6690,436,4392
Headline C,CTA 2,Image 1,Offer Y,8659,580,1099
Headline B,CTA 1,Image 2,Offer Y,1025,996,2412
Headline C,CTA 3,Image 3,Offer X,8468,372,1792
Headline A,CTA 1,Image 2,Offer Y,7410,157,1100
Headline B,CTA 1,Image 1,Offer X,9652,427,880
Headline A,CTA 2,Image 3,Offer X,4764,830,4713
Headline A,CTA 2,Image 1,Offer Y,7599,208,4137
Headline B,CTA 3,Image 1,Offer Y,6102,378,2663
Headline C,CTA 1,Image 2,Offer X,8006,785,4855
Headline A,CTA 1,Image 3,Offer Y,4483,427,1598
Headline B,CTA 1,Image 1,Offer Y,2994,875,865
Headline A,CTA 3,Image 1,Offer Y,9682,414,3070
Headline A,CTA 3,Image 3,Offer Z,2072,573,3919
Headline A,CTA 2,Image 1,Offer X,7707,210,2976
Headline A,CTA 2,Image 1,Offer Z,1215,798,1290
Headline C,CTA 2,Image 3,Offer Y,8605,880,4069
Headline A,CTA 1,Image 3,Offer Z,3606,328,1246
Headline A,CTA 1,Image 3,Offer Y,9350,596,812
Headline A,CTA 2,Image 3,Offer Z,5781,255,1420
Headline C,CTA 1,Image 2,Offer Y,4313,572,1577
Headline A,CTA 2,Image 3,Offer Z,8763,800,3329
Headline A,CTA 3,Image 2,Offer Z,6939,371,2881
Headline C,CTA 2,Image 2,Offer Z,3295,986,4118
Headline C,CTA 3,Image 2,Offer X,6685,101,1297
Headline C,CTA 1,Image 1,Offer Z,2696,857,4943
Headline A,CTA 2,Image 2,Offer X,2946,821,772
Headline C,CTA 1,Image 2,Offer Y,3783,610,3510
Headline C,CTA 3,Image 1,Offer Z,4644,385,2273
Headline A,CTA 3,Image 1,Offer Y,6241,970,3047
Headline C,CTA 3,Image 1,Offer Y,7420,112,3664
Headline A,CTA 1,Image 3,Offer Z,8557,707,1446
Headline B,CTA 1,Image 1,Offer X,3645,597,3165
Headline C,CTA 1,Image 1,Offer Z,7589,832,1006
Headline B,CTA 1,Image 2,Offer Y,7353,337,743
Headline A,CTA 3,Image 1,Offer Y,2932,193,1005
Headline C,CTA 3,Image 3,Offer Z,2757,437,3658
Headline A,CTA 2,Image 1,Offer X,6085,880,4090
Headline B,CTA 2,Image 3,Offer X,6637,270,2372
Headline A,CTA 1,Image 1,Offer Y,2116,705,4293
Headline C,CTA 3,Image 1,Offer Y,1492,760,1692
Headline C,CTA 3,Image 1,Offer X,9811,723,4925
Headline B,CTA 3,Image 1,Offer Z,8888,666,1964
Headline A,CTA 2,Image 3,Offer Y,7474,948,890
Headline C,CTA 2,Image 3,Offer X,5958,566,4976
Headline B,CTA 3,Image 2,Offer Y,3743,727,3877
Headline C,CTA 3,Image 3,Offer Z,8866,242,1172
Headline C,CTA 3,Image 1,Offer X,8160,300,3060
Headline A,CTA 2,Image 2,Offer Y,6451,279,1711
Headline C,CTA 3,Image 2,Offer Z,6258,813,1429
Headline A,CTA 3,Image 2,Offer Y,9548,463,2039
Headline C,CTA 1,Image 1,Offer Z,8186,578,1412
Headline B,CTA 1,Image 3,Offer Z,7102,664,1143
Headline C,CTA 2,Image 1,Offer X,1619,570,1001
Headline A,CTA 3,Image 2,Offer Z,1882,483,1229
Headline A,CTA 3,Image 1,Offer Y,9988,791,1783
Headline B,CTA 1,Image 1,Offer Z,4642,516,2618
Headline C,CTA 2,Image 3,Offer Z,2296,924,4886
Headline C,CTA 1,Image 3,Offer X,9436,407,4336
Headline B,CTA 1,Image 2,Offer Z,3895,748,1419
Headline C,CTA 1,Image 1,Offer Z,7593,793,4550
Headline C,CTA 1,Image 1,Offer Y,1929,466,2839
Headline A,CTA 3,Image 3,Offer X,6366,100,1255
Headline C,CTA 3,Image 1,Offer X,9711,143,2369
Headline C,CTA 1,Image 1,Offer X,4212,838,4972
Headline B,CTA 2,Image 1,Offer Z,3409,942,1007
Headline B,CTA 2,Image 3,Offer X,9199,197,1936
Headline A,CTA 2,Image 2,Offer Z,4423,819,3075
Headline C,CTA 2,Image 2,Offer Z,7976,364,3926
Headline C,CTA 1,Image 1,Offer Y,8594,899,1058
Headline C,CTA 3,Image 2,Offer Y,6158,882,3602
Headline A,CTA 2,Image 3,Offer Y,4667,239,4122
Headline A,CTA 1,Image 3,Offer Y,6973,580,4899
Headline B,CTA 2,Image 2,Offer Y,7236,336,4557
Headline A,CTA 2,Image 2,Offer Z,9277,171,4215
Headline C,CTA 1,Image 1,Offer Z,3468,766,1801
Headline C,CTA 3,Image 2,Offer X,7217,289,2655
Headline A,CTA 3,Image 1,Offer Z,4619,367,1192
Headline C,CTA 1,Image 1,Offer Z,2636,420,4850
Headline C,CTA 3,Image 3,Offer Y,9155,206,1978
Headline A,CTA 1,Image 3,Offer Z,4583,331,756
Headline A,CTA 1,Image 3,Offer Y,5009,141,2930
Headline C,CTA 1,Image 3,Offer X,4326,801,941
Headline C,CTA 3,Image 2,Offer X,9148,982,2381
Headline C,CTA 1,Image 3,Offer Z,3217,238,3146
Headline B,CTA 2,Image 2,Offer X,5967,714,4320
Headline B,CTA 3,Image 3,Offer Z,3369,782,2235
Headline B,CTA 3,Image 2,Offer X,4638,962,4235
Headline A,CTA 3,Image 1,Offer Y,6722,372,3145
Headline B,CTA 3,Image 2,Offer Y,5444,580,518
Headline A,CTA 2,Image 2,Offer Y,8618,515,1624
Headline A,CTA 3,Image 3,Offer Y,4947,605,4485
Headline B,CTA 3,Image 2,Offer Z,2676,832,3154
Headline B,CTA 1,Image 1,Offer X,2196,824,2580
Headline B,CTA 3,Image 1,Offer Z,3787,952,2047
Headline C,CTA 2,Image 3,Offer Y,8432,523,1361
Headline B,CTA 2,Image 1,Offer Z,8927,506,654
Headline C,CTA 2,Image 2,Offer X,4318,667,3994
Headline A,CTA 2,Image 1,Offer Z,9858,489,1404
Headline C,CTA 3,Image 3,Offer X,7689,441,1769
Headline B,CTA 3,Image 2,Offer Z,3176,713,904
Headline A,CTA 2,Image 3,Offer X,4743,592,1343
Headline A,CTA 2,Image 2,Offer X,9792,291,2282
Headline A,CTA 3,Image 1,Offer Y,5422,598,2064
Headline C,CTA 2,Image 3,Offer X,4824,921,1684
Headline B,CTA 1,Image 3,Offer Y,3451,811,1246
Headline A,CTA 2,Image 2,Offer Y,1628,332,2225
Headline A,CTA 2,Image 3,Offer Y,8778,326,3688
Headline A,CTA 1,Image 2,Offer Z,4696,470,770
Headline C,CTA 1,Image 2,Offer Z,4674,238,4456
Headline C,CTA 3,Image 2,Offer Z,4929,955,671
Headline B,CTA 3,Image 2,Offer Z,3765,916,773
Headline C,CTA 1,Image 1,Offer X,5369,248,2806
Headline A,CTA 1,Image 2,Offer X,9307,214,1658
Headline B,CTA 3,Image 3,Offer Z,5956,549,2206
Headline A,CTA 2,Image 1,Offer X,1692,162,2271
Headline A,CTA 1,Image 3,Offer X,4162,203,921
Headline C,CTA 3,Image 1,Offer Y,2105,950,1709
Headline B,CTA 2,Image 2,Offer Y,4008,970,1390
Headline C,CTA 1,Image 1,Offer Y,3161,767,3767
Headline C,CTA 2,Image 1,Offer Y,9345,372,1973
Headline B,CTA 3,Image 3,Offer X,4699,105,3743
Headline A,CTA 1,Image 3,Offer Z,4786,246,4978
Headline A,CTA 2,Image 2,Offer X,5200,283,2681
Headline B,CTA 1,Image 1,Offer X,2913,127,1949
Headline A,CTA 2,Image 1,Offer X,6520,649,3596
Headline B,CTA 3,Image 1,Offer Y,2772,218,3756
Headline B,CTA 3,Image 2,Offer Y,3780,392,3656
Headline C,CTA 1,Image 2,Offer Y,8423,470,2090
Headline B,CTA 2,Image 2,Offer Z,3871,343,4739
Headline C,CTA 1,Image 2,Offer X,1660,679,4481
Headline A,CTA 1,Image 2,Offer Z,7242,825,1935
Headline A,CTA 2,Image 3,Offer Y,2132,317,723
Headline A,CTA 2,Image 1,Offer Z,1699,276,719
Headline A,CTA 2,Image 1,Offer X,8470,398,4774
Headline C,CTA 3,Image 1,Offer X,7297,775,2154
Headline A,CTA 1,Image 1,Offer Y,8812,157,764
Headline B,CTA 1,Image 1,Offer Y,5557,368,1453
Headline B,CTA 3,Image 1,Offer Z,3179,407,4233
Headline B,CTA 2,Image 1,Offer Y,9275,669,3274
Headline C,CTA 3,Image 1,Offer Y,2422,387,3624
Headline A,CTA 3,Image 3,Offer X,4180,204,979
Headline A,CTA 3,Image 1,Offer Y,5316,327,4014
Headline A,CTA 1,Image 3,Offer Y,7696,346,1853
Headline C,CTA 3,Image 2,Offer X,1614,799,3822
Headline B,CTA 1,Image 1,Offer X,5570,593,4378
Headline B,CTA 1,Image 2,Offer Z,1270,182,1389
Headline A,CTA 1,Image 2,Offer Y,3468,285,4354
Headline B,CTA 2,Image 2,Offer X,4607,351,1424
Headline B,CTA 1,Image 3,Offer Z,4075,454,2670
Headline C,CTA 1,Image 2,Offer Z,1289,849,2402
Headline C,CTA 2,Image 2,Offer Y,9120,971,2895
Headline C,CTA 1,Image 2,Offer Y,7614,795,528
Headline C,CTA 3,Image 1,Offer Z,4252,895,534
Headline A,CTA 3,Image 1,Offer X,8415,996,4089
Headline C,CTA 1,Image 3,Offer Z,7771,309,3170
Headline B,CTA 2,Image 3,Offer Y,1278,915,3865
Headline A,CTA 3,Image 1,Offer X,1580,907,1088
Headline B,CTA 2,Image 3,Offer X,5958,708,3718
Headline B,CTA 2,Image 1,Offer Z,9445,546,3638
Headline B,CTA 3,Image 2,Offer Y,5276,559,1403
Headline C,CTA 2,Image 2,Offer Z,8997,571,4586
Headline C,CTA 3,Image 3,Offer Z,5776,819,2669
Headline A,CTA 2,Image 1,Offer Z,1824,469,839
Headline A,CTA 3,Image 1,Offer X,4832,999,4770
Headline C,CTA 1,Image 3,Offer X,9891,591,2214
Headline B,CTA 3,Image 1,Offer Y,6445,236,1056
Headline A,CTA 3,Image 2,Offer Y,2380,466,3587
Headline C,CTA 3,Image 3,Offer Z,7534,283,3766
Headline C,CTA 3,Image 3,Offer Z,4156,687,4067
Headline C,CTA 2,Image 1,Offer Z,5307,386,2556
Headline B,CTA 1,Image 3,Offer Y,6634,571,4399
Headline C,CTA 3,Image 1,Offer X,9575,474,1516
Headline C,CTA 2,Image 1,Offer X,6810,753,2562
Headline C,CTA 1,Image 1,Offer Z,9533,848,1338
Headline C,CTA 1,Image 1,Offer Z,6934,636,2137
Headline A,CTA 1,Image 1,Offer Z,4109,610,4821
Headline A,CTA 1,Image 3,Offer Z,5082,901,3996
Headline C,CTA 3,Image 2,Offer Y,4240,678,2313
Headline B,CTA 3,Image 2,Offer X,7028,349,3979
Headline A,CTA 2,Image 3,Offer Z,2849,609,1951
Headline C,CTA 2,Image 3,Offer Y,9497,729,2813
Headline A,CTA 2,Image 2,Offer Z,3749,172,2014
Headline A,CTA 1,Image 2,Offer Z,7680,381,1731
Headline B,CTA 1,Image 2,Offer X,1205,459,2145
Headline C,CTA 3,Image 2,Offer Z,8352,109,3499
Headline C,CTA 1,Image 2,Offer X,5591,310,3940
Headline B,CTA 1,Image 1,Offer X,4450,934,4556
Headline B,CTA 1,Image 3,Offer X,8214,251,805
Headline C,CTA 2,Image 1,Offer Y,4811,104,4036
Headline C,CTA 2,Image 2,Offer Y,6141,294,2223
Headline B,CTA 3,Image 2,Offer X,9501,382,2189
Headline A,CTA 1,Image 2,Offer Z,3708,563,2017
Headline A,CTA 1,Image 1,Offer X,2991,212,4417
Headline B,CTA 3,Image 1,Offer Z,9463,370,919
Headline A,CTA 1,Image 2,Offer X,4273,262,3436
Headline B,CTA 1,Image 1,Offer Z,5538,559,4362
Headline A,CTA 2,Image 1,Offer Y,9712,204,4729
Headline A,CTA 3,Image 2,Offer Z,4722,792,1950
Headline C,CTA 3,Image 1,Offer X,4551,655,3596
Headline C,CTA 3,Image 3,Offer Y,3832,381,3761
Headline A,CTA 3,Image 3,Offer Z,6679,786,1664
Headline A,CTA 2,Image 3,Offer Z,7579,261,2369
Headline C,CTA 2,Image 3,Offer Z,1152,450,2319
Headline C,CTA 1,Image 2,Offer Z,6754,533,3205
Headline C,CTA 1,Image 2,Offer Z,3800,951,4015
Headline B,CTA 1,Image 2,Offer Y,6310,239,1842
Headline A,CTA 1,Image 3,Offer Y,3610,570,2726
Headline C,CTA 2,Image 3,Offer Y,2104,231,1579
Headline A,CTA 3,Image 1,Offer Y,8361,186,4706
Headline B,CTA 2,Image 1,Offer X,5199,787,3279
Headline B,CTA 1,Image 3,Offer Y,4854,282,3028
Headline C,CTA 2,Image 3,Offer Z,8263,467,1313
Headline B,CTA 3,Image 3,Offer Z,2914,228,2531
Headline A,CTA 3,Image 3,Offer Y,8365,345,822
Headline C,CTA 2,Image 1,Offer Z,4072,700,3469
Headline A,CTA 2,Image 3,Offer Y,1406,677,1403
Headline A,CTA 2,Image 1,Offer Z,1166,769,2041
Headline B,CTA 1,Image 3,Offer X,1508,998,4003
Headline B,CTA 2,Image 3,Offer X,2661,477,3153
Headline B,CTA 2,Image 3,Offer Y,4664,248,2976
Headline B,CTA 2,Image 1,Offer Y,4489,951,3840
Headline B,CTA 3,Image 1,Offer Y,1680,532,4743
Headline C,CTA 3,Image 2,Offer Z,3524,727,1641
Headline A,CTA 1,Image 3,Offer Y,3120,825,1349
Headline A,CTA 1,Image 2,Offer X,6260,568,866
Headline A,CTA 3,Image 2,Offer Z,5357,545,3397
Headline A,CTA 3,Image 1,Offer Y,2363,580,1589
Headline B,CTA 3,Image 1,Offer Z,3292,983,4541
Headline A,CTA 2,Image 2,Offer Z,2538,393,2538
Headline C,CTA 2,Image 3,Offer Y,4408,864,3360
Headline C,CTA 3,Image 1,Offer Z,8742,242,4770
Headline A,CTA 2,Image 3,Offer X,9752,349,2354
Headline A,CTA 2,Image 3,Offer X,2903,977,994
Headline C,CTA 1,Image 2,Offer Z,1174,401,3682
Headline C,CTA 3,Image 2,Offer Y,3230,124,2284
Headline B,CTA 3,Image 2,Offer Z,5287,888,4010
Headline C,CTA 2,Image 2,Offer X,5160,988,4286
Headline B,CTA 3,Image 1,Offer Z,8106,989,4630
Headline B,CTA 1,Image 1,Offer Z,4171,169,1498
Headline B,CTA 1,Image 2,Offer X,2567,724,4969
Headline B,CTA 1,Image 1,Offer Z,2151,974,1951
Headline B,CTA 3,Image 2,Offer Z,8619,211,2251
Headline A,CTA 3,Image 3,Offer Y,7033,463,2780
Headline C,CTA 3,Image 3,Offer Y,9560,402,3434
Headline B,CTA 3,Image 3,Offer X,5946,570,4234
Headline C,CTA 3,Image 2,Offer X,9234,190,3846
Headline C,CTA 1,Image 3,Offer X,2907,629,2373
Headline B,CTA 2,Image 1,Offer Y,4490,760,4303
Headline A,CTA 1,Image 3,Offer X,3535,838,2479
Headline B,CTA 3,Image 3,Offer X,5173,825,1198
Headline A,CTA 1,Image 3,Offer X,2293,971,1812
Headline C,CTA 3,Image 1,Offer Y,5769,762,3462
Headline A,CTA 3,Image 2,Offer Z,5796,291,3438
Headline A,CTA 1,Image 1,Offer X,7871,651,2800
Headline A,CTA 3,Image 2,Offer Z,3972,341,3697
Headline C,CTA 2,Image 2,Offer X,4922,237,626
Headline C,CTA 3,Image 3,Offer Z,5997,444,1691
Headline A,CTA 2,Image 2,Offer Y,8032,279,3139
Headline A,CTA 2,Image 1,Offer Y,1992,811,4889
Headline B,CTA 3,Image 1,Offer X,9112,602,4416
Headline A,CTA 1,Image 2,Offer Z,6287,302,1866
Headline B,CTA 2,Image 3,Offer Y,3240,672,1519
Headline A,CTA 1,Image 3,Offer X,2476,291,4579
Headline B,CTA 2,Image 1,Offer X,7426,104,1184
Headline C,CTA 3,Image 3,Offer Y,1389,989,4129
Headline A,CTA 3,Image 2,Offer Y,1999,336,3387
Headline A,CTA 2,Image 2,Offer X,2855,792,1962
Headline A,CTA 3,Image 1,Offer Z,9125,410,4586
Headline A,CTA 2,Image 2,Offer Z,9850,648,2761
Headline B,CTA 3,Image 1,Offer Z,3763,155,4680
Headline A,CTA 1,Image 2,Offer X,4663,542,3341
Headline C,CTA 3,Image 1,Offer Y,5986,336,2267
Headline C,CTA 1,Image 3,Offer X,2481,969,4680
Headline A,CTA 3,Image 2,Offer Y,8256,960,4060
Headline C,CTA 1,Image 2,Offer Z,4731,296,2612
Headline A,CTA 3,Image 1,Offer Z,8262,684,1126
Headline A,CTA 1,Image 1,Offer Y,1451,670,4659
Headline C,CTA 2,Image 2,Offer Y,4093,851,3914
Headline A,CTA 2,Image 1,Offer X,1882,613,1875
Headline C,CTA 1,Image 2,Offer Z,5408,548,1681
Headline B,CTA 3,Image 3,Offer X,5068,459,990
Headline A,CTA 1,Image 1,Offer X,4277,799,4229
Headline B,CTA 3,Image 2,Offer X,9566,918,4034
Headline C,CTA 2,Image 3,Offer Z,8951,129,3796
Headline B,CTA 3,Image 3,Offer X,5690,878,2440
Headline B,CTA 2,Image 2,Offer X,5595,207,4908
Headline C,CTA 3,Image 1,Offer X,5559,943,2382
Headline B,CTA 3,Image 2,Offer X,8291,701,3487
Headline B,CTA 3,Image 3,Offer X,9160,816,3659
Headline C,CTA 1,Image 2,Offer X,1112,990,1181
Headline B,CTA 1,Image 1,Offer Z,6131,544,1573
Headline C,CTA 2,Image 3,Offer X,4197,992,2887
Headline B,CTA 2,Image 2,Offer Y,1139,537,2894
Headline C,CTA 1,Image 1,Offer X,2424,831,3193
Headline C,CTA 2,Image 3,Offer X,3949,989,1870
Headline B,CTA 1,Image 1,Offer Z,4168,705,4840
Headline B,CTA 3,Image 3,Offer Z,9708,556,2656
Headline B,CTA 2,Image 2,Offer Y,7043,714,3080
Headline A,CTA 2,Image 1,Offer Y,7989,834,4891
Headline A,CTA 1,Image 3,Offer Z,8236,797,2659
Headline A,CTA 2,Image 1,Offer Z,7261,795,3748
Headline C,CTA 2,Image 1,Offer X,1887,594,4231
Headline B,CTA 3,Image 2,Offer Z,4104,773,4329
Headline C,CTA 2,Image 1,Offer Y,1049,346,2127
Headline A,CTA 3,Image 3,Offer X,4951,642,3972
Headline B,CTA 1,Image 3,Offer Y,4560,663,527
Headline C,CTA 2,Image 3,Offer X,1018,956,2485
Headline B,CTA 3,Image 3,Offer Z,5821,687,4653
Headline C,CTA 1,Image 2,Offer Y,7340,996,2021
Headline B,CTA 2,Image 1,Offer X,9058,538,796
Headline A,CTA 1,Image 2,Offer X,3606,377,2681
Headline A,CTA 2,Image 1,Offer Z,8846,651,3902
Headline B,CTA 1,Image 1,Offer Z,9643,712,2796
Headline C,CTA 1,Image 1,Offer Z,7432,210,3097
Headline A,CTA 3,Image 2,Offer Y,4765,484,1401
Headline A,CTA 1,Image 1,Offer X,3438,932,1598
Headline A,CTA 2,Image 2,Offer Z,7358,860,2177
Headline B,CTA 2,Image 3,Offer Y,9319,290,3381
Headline B,CTA 3,Image 3,Offer Y,6941,589,1878
Headline C,CTA 2,Image 1,Offer Y,8644,793,1748
Headline C,CTA 2,Image 2,Offer Z,5855,525,4235
Headline C,CTA 2,Image 3,Offer Z,7547,504,4741
Headline B,CTA 1,Image 2,Offer X,8196,434,1764
Headline B,CTA 1,Image 2,Offer X,6911,308,2407
Headline C,CTA 2,Image 1,Offer Z,7481,121,1558
Headline C,CTA 3,Image 3,Offer Y,3761,777,3249
Headline B,CTA 1,Image 1,Offer Y,5456,710,2548
Headline C,CTA 3,Image 1,Offer Y,7361,307,4748
Headline A,CTA 2,Image 3,Offer X,6693,107,2976
Headline B,CTA 2,Image 3,Offer Y,6788,801,4516
Headline C,CTA 1,Image 2,Offer X,1201,786,3697
Headline B,CTA 2,Image 3,Offer X,7160,884,4053
Headline A,CTA 1,Image 2,Offer Y,1517,628,4940
Headline B,CTA 2,Image 2,Offer Y,8737,701,2261
Headline B,CTA 2,Image 2,Offer Z,2988,752,720
Headline B,CTA 1,Image 3,Offer Z,4802,756,3388
Headline B,CTA 1,Image 1,Offer Y,6808,265,2164
Headline A,CTA 1,Image 2,Offer X,8162,948,4486
Headline B,CTA 2,Image 1,Offer X,7241,595,3477
Headline B,CTA 2,Image 1,Offer X,9399,689,2371
Headline C,CTA 3,Image 3,Offer X,6633,528,1962
Headline B,CTA 1,Image 1,Offer X,6755,873,844
Headline C,CTA 2,Image 1,Offer Z,7309,262,544
Headline A,CTA 2,Image 3,Offer Y,5117,465,2568
Headline A,CTA 1,Image 2,Offer Z,9345,625,2014
Headline A,CTA 3,Image 1,Offer X,2518,338,3098
Headline A,CTA 1,Image 3,Offer X,7163,171,1501
Headline C,CTA 3,Image 1,Offer X,3600,544,1533
Headline B,CTA 2,Image 1,Offer X,3195,754,2540
Headline A,CTA 3,Image 2,Offer Y,4554,921,773
Headline B,CTA 2,Image 1,Offer X,3849,608,3147
Headline C,CTA 1,Image 3,Offer Y,2742,894,2279
Headline C,CTA 1,Image 1,Offer X,2306,368,4976
Headline C,CTA 1,Image 2,Offer Y,4849,852,978
Headline A,CTA 3,Image 2,Offer Z,8519,514,1015
Headline B,CTA 2,Image 3,Offer X,5195,344,4786
Headline B,CTA 1,Image 2,Offer Y,6178,774,1691
Headline B,CTA 1,Image 1,Offer Z,3555,159,3168
Headline C,CTA 2,Image 2,Offer X,3305,105,1911
Headline A,CTA 1,Image 3,Offer X,8619,808,3780
Headline C,CTA 2,Image 2,Offer X,3642,669,771
Headline C,CTA 2,Image 2,Offer Y,7409,916,642
Headline B,CTA 2,Image 2,Offer Y,5757,506,3832
Headline C,CTA 2,Image 3,Offer Z,3994,316,1287
Headline B,CTA 2,Image 2,Offer Y,9751,125,2181
Headline A,CTA 3,Image 2,Offer Y,2271,914,1122
Headline B,CTA 1,Image 1,Offer X,2813,104,4341
Headline A,CTA 3,Image 3,Offer X,9801,631,4176
Headline B,CTA 1,Image 2,Offer X,3461,489,3072
Headline C,CTA 3,Image 3,Offer X,5120,809,3760
Headline C,CTA 2,Image 2,Offer X,7124,670,566
Headline A,CTA 1,Image 2,Offer X,9475,547,4786
Headline A,CTA 1,Image 2,Offer X,5396,853,1640
Headline A,CTA 3,Image 1,Offer Z,1816,245,2814
Headline B,CTA 3,Image 1,Offer Z,8304,487,3032
Headline B,CTA 1,Image 1,Offer Z,8331,884,4080
Headline A,CTA 3,Image 3,Offer Z,1082,348,1687
Headline C,CTA 3,Image 3,Offer X,2920,625,4971
Headline B,CTA 3,Image 1,Offer Z,8817,561,3839
Headline B,CTA 2,Image 3,Offer X,3093,112,1048
Headline B,CTA 2,Image 2,Offer Z,8071,483,4587
Headline A,CTA 3,Image 2,Offer Y,8967,655,572
Headline A,CTA 3,Image 2,Offer Z,9367,986,698
Headline A,CTA 2,Image 1,Offer Z,6285,498,3701
Headline A,CTA 2,Image 3,Offer X,5937,118,2281
Headline A,CTA 1,Image 1,Offer Z,1369,674,1071
Headline C,CTA 1,Image 3,Offer Y,2818,590,1290
Headline C,CTA 2,Image 2,Offer X,3101,850,2138
Headline A,CTA 3,Image 1,Offer X,4490,518,2331
Headline B,CTA 3,Image 3,Offer Z,2779,436,2355
Headline A,CTA 3,Image 3,Offer X,8674,518,1674
Headline C,CTA 3,Image 2,Offer X,2364,711,4240
Headline C,CTA 1,Image 1,Offer X,8294,774,3777
Headline B,CTA 2,Image 1,Offer X,4676,221,678
Headline C,CTA 3,Image 1,Offer X,3426,531,2744
Headline A,CTA 1,Image 2,Offer X,9264,143,4586
Headline B,CTA 3,Image 1,Offer Y,9089,971,1234
Headline A,CTA 2,Image 2,Offer Z,3962,416,1298
Headline A,CTA 1,Image 2,Offer Y,1859,480,1287
Headline B,CTA 2,Image 2,Offer X,5138,244,3295
Headline A,CTA 2,Image 3,Offer X,3424,426,4804
Headline C,CTA 1,Image 1,Offer Z,5017,462,3584
Headline A,CTA 1,Image 1,Offer Y,9560,149,3418
Headline B,CTA 1,Image 2,Offer Z,9342,164,1231
Headline B,CTA 1,Image 2,Offer Y,2134,454,1629
Headline B,CTA 1,Image 1,Offer X,6166,899,3946
Headline A,CTA 1,Image 2,Offer Z,6119,263,2105
Headline B,CTA 1,Image 1,Offer Z,6694,240,4278
Headline B,CTA 3,Image 3,Offer X,7136,925,3245
Headline A,CTA 2,Image 2,Offer Z,6485,227,3670
Headline C,CTA 1,Image 1,Offer Y,5164,497,3433
Headline A,CTA 3,Image 2,Offer Y,3346,979,1715
Headline B,CTA 3,Image 1,Offer Y,6039,562,824
Headline B,CTA 3,Image 1,Offer Y,5897,850,2350
Headline A,CTA 2,Image 2,Offer X,9252,935,1990
Headline C,CTA 1,Image 3,Offer Z,6041,907,1393
Headline B,CTA 3,Image 1,Offer Y,4901,286,1890
Headline B,CTA 2,Image 1,Offer X,2337,819,3889
Headline B,CTA 2,Image 1,Offer Z,2184,831,4739
Headline A,CTA 2,Image 3,Offer Z,5426,289,4979
Headline B,CTA 3,Image 3,Offer X,2551,487,2763
Headline C,CTA 1,Image 2,Offer X,2629,528,3932
Headline B,CTA 3,Image 3,Offer Y,2526,957,2871
Headline B,CTA 3,Image 2,Offer Z,2361,383,3586
Headline C,CTA 1,Image 2,Offer Z,5370,963,4812
Headline B,CTA 1,Image 3,Offer X,6283,336,2015
Headline A,CTA 1,Image 2,Offer Z,8610,293,3417
Headline A,CTA 2,Image 3,Offer Y,2993,386,2852
Headline A,CTA 1,Image 2,Offer Z,1869,870,1667
Headline C,CTA 3,Image 3,Offer X,2014,857,610
Headline B,CTA 1,Image 3,Offer X,1602,235,4827
Headline A,CTA 3,Image 2,Offer Y,1690,891,4155
Headline C,CTA 2,Image 1,Offer Y,9685,882,4293
Headline B,CTA 3,Image 2,Offer Z,1489,270,2255
Headline C,CTA 3,Image 3,Offer Z,7864,258,2077
Headline A,CTA 1,Image 1,Offer X,8240,300,1796
Headline A,CTA 1,Image 2,Offer Y,8786,586,4274
Headline A,CTA 3,Image 2,Offer Y,9024,656,2720
Headline C,CTA 1,Image 2,Offer Y,1294,875,1472
Headline C,CTA 2,Image 1,Offer Z,6488,682,1530
Headline A,CTA 2,Image 3,Offer Y,5027,603,3093
Headline C,CTA 1,Image 2,Offer X,3912,975,4492
Headline A,CTA 2,Image 2,Offer X,5744,470,1413
Headline A,CTA 1,Image 2,Offer Z,2873,202,2681
Headline B,CTA 3,Image 2,Offer Z,4258,224,3697
Headline C,CTA 3,Image 2,Offer Y,3817,412,1962
Headline A,CTA 2,Image 3,Offer Z,9636,897,2878
Headline A,CTA 1,Image 3,Offer X,4641,557,3954
Headline C,CTA 1,Image 2,Offer Y,5458,329,4053
Headline B,CTA 2,Image 1,Offer X,6307,757,1807
Headline B,CTA 3,Image 3,Offer Y,9933,981,1689
Headline A,CTA 2,Image 1,Offer Z,3041,296,1187
Headline C,CTA 3,Image 3,Offer Y,1679,984,1707
Headline B,CTA 1,Image 2,Offer Y,6738,832,2394
Headline C,CTA 3,Image 3,Offer X,6668,522,2311
Headline C,CTA 2,Image 2,Offer X,8697,671,3683
Headline A,CTA 1,Image 3,Offer Y,9033,709,4297
Headline B,CTA 2,Image 2,Offer Z,1062,270,2144
Headline A,CTA 2,Image 2,Offer Z,8829,481,4468
Headline B,CTA 3,Image 2,Offer X,8352,272,3216
Headline B,CTA 2,Image 2,Offer Z,7915,762,690
Headline B,CTA 3,Image 1,Offer X,9326,552,1835
Headline B,CTA 1,Image 2,Offer Z,4644,449,3606
Headline B,CTA 3,Image 1,Offer Y,5970,733,878
Headline C,CTA 1,Image 1,Offer X,9003,593,4982
Headline A,CTA 3,Image 2,Offer X,4278,719,4329
Headline C,CTA 2,Image 1,Offer Y,8296,103,1115
Headline B,CTA 3,Image 3,Offer X,4074,192,2830
Headline A,CTA 3,Image 2,Offer Z,9312,105,2254
Headline B,CTA 1,Image 1,Offer Z,8552,387,963
Headline A,CTA 2,Image 2,Offer X,2637,717,1466
Headline C,CTA 3,Image 2,Offer Z,6103,245,4767
Headline A,CTA 2,Image 2,Offer X,1644,882,3658
Headline A,CTA 3,Image 1,Offer Y,3032,523,4124
Headline A,CTA 3,Image 3,Offer X,3761,989,1189
Headline A,CTA 2,Image 3,Offer Y,3068,707,3122
Headline A,CTA 3,Image 1,Offer Z,1241,556,2712
Headline B,CTA 2,Image 2,Offer Y,3668,840,882
Headline A,CTA 3,Image 1,Offer Z,1802,301,2756
Headline A,CTA 1,Image 1,Offer X,6059,311,4310
Headline C,CTA 2,Image 1,Offer Z,1195,105,4003
Headline A,CTA 3,Image 2,Offer X,3187,723,1912
Headline C,CTA 3,Image 1,Offer X,3330,475,2083
Headline B,CTA 1,Image 2,Offer Y,5841,990,871
Headline A,CTA 2,Image 1,Offer Y,4606,546,1110
Headline C,CTA 3,Image 3,Offer Y,9468,934,615
Headline C,CTA 1,Image 1,Offer Y,1060,205,946
Headline B,CTA 3,Image 1,Offer Z,4927,750,1891
Headline A,CTA 2,Image 3,Offer Z,7296,910,3824
Headline A,CTA 3,Image 2,Offer Z,3591,500,1840
Headline C,CTA 3,Image 2,Offer X,9758,195,3439
Headline A,CTA 3,Image 1,Offer Z,7121,487,4199
Headline C,CTA 3,Image 3,Offer Z,2200,551,1573
Headline A,CTA 1,Image 2,Offer Z,3854,948,4069
Headline C,CTA 1,Image 1,Offer Y,8024,908,3650
Headline A,CTA 2,Image 3,Offer Z,7972,515,2105
Headline B,CTA 1,Image 2,Offer X,1136,825,2794
Headline A,CTA 1,Image 2,Offer Y,2029,603,4162
Headline A,CTA 2,Image 3,Offer X,3594,553,4982
Headline B,CTA 1,Image 3,Offer Z,8206,390,1483
Headline A,CTA 1,Image 3,Offer Y,1661,633,851
Headline B,CTA 2,Image 3,Offer X,3472,292,2224
Headline A,CTA 2,Image 1,Offer Z,1086,249,2451
Headline C,CTA 2,Image 3,Offer X,7219,979,1779
Headline C,CTA 3,Image 2,Offer X,9143,858,2407
Headline A,CTA 3,Image 2,Offer X,7968,878,1524
Headline A,CTA 2,Image 1,Offer Z,3773,862,1045
Headline A,CTA 2,Image 2,Offer Z,2700,614,4674
Headline C,CTA 2,Image 2,Offer X,3700,492,2881
Headline A,CTA 3,Image 3,Offer Y,7815,415,1388
Headline C,CTA 3,Image 2,Offer Y,2647,175,1605
Headline B,CTA 1,Image 1,Offer Z,7038,698,3049
Headline C,CTA 1,Image 3,Offer Z,6164,369,2490
Headline C,CTA 2,Image 3,Offer Z,6520,324,4498
Headline B,CTA 3,Image 1,Offer Z,4687,629,4275
Headline C,CTA 3,Image 3,Offer Z,1596,212,3312
Headline A,CTA 3,Image 3,Offer Y,5545,350,1420
Headline A,CTA 2,Image 1,Offer Z,9676,332,2561
Headline C,CTA 1,Image 3,Offer X,9837,940,4987
Headline A,CTA 2,Image 1,Offer X,5757,890,4139
Headline C,CTA 1,Image 1,Offer Y,5384,813,3665
Headline A,CTA 1,Image 2,Offer X,9912,182,4935
Headline A,CTA 2,Image 2,Offer Y,5733,224,3144
Headline C,CTA 1,Image 3,Offer Y,8081,274,1545
Headline A,CTA 1,Image 3,Offer X,9690,168,4056
Headline C,CTA 3,Image 1,Offer Z,8117,146,3181
Headline A,CTA 1,Image 3,Offer X,5729,983,3699
Headline A,CTA 2,Image 1,Offer X,2673,355,1438
Headline B,CTA 2,Image 1,Offer Y,9306,826,941
Headline B,CTA 1,Image 3,Offer X,8178,129,3050
Headline C,CTA 3,Image 1,Offer Y,3294,380,4725
Headline B,CTA 3,Image 2,Offer Z,4630,336,1096
Headline C,CTA 1,Image 3,Offer Z,1146,347,2005
Headline B,CTA 1,Image 2,Offer Z,4453,467,1361
Headline A,CTA 2,Image 3,Offer X,5507,594,3140
Headline C,CTA 1,Image 1,Offer Y,6783,124,4231
Headline C,CTA 3,Image 3,Offer Z,8751,685,2051
Headline A,CTA 1,Image 2,Offer Y,6628,817,3736
Headline C,CTA 2,Image 1,Offer Y,9328,589,2236
Headline C,CTA 2,Image 3,Offer Z,4360,593,1949
Headline B,CTA 2,Image 3,Offer Z,4005,413,764
Headline C,CTA 2,Image 3,Offer Y,4552,705,3159
Headline A,CTA 2,Image 2,Offer Z,1018,474,3221
Headline B,CTA 1,Image 2,Offer Y,3242,738,1962
Headline B,CTA 1,Image 3,Offer Y,7318,124,4752
Headline A,CTA 1,Image 1,Offer Z,6097,433,1945
Headline A,CTA 1,Image 1,Offer X,9640,454,2798
Headline B,CTA 2,Image 2,Offer Z,2948,215,3425
Headline C,CTA 3,Image 1,Offer X,6618,147,2132
Headline B,CTA 1,Image 2,Offer Y,5236,837,2874
Headline A,CTA 3,Image 3,Offer Y,7901,877,1012
Headline B,CTA 1,Image 2,Offer X,2920,198,715
Headline A,CTA 1,Image 2,Offer Y,5188,558,3831
Headline B,CTA 3,Image 3,Offer X,1238,622,2672
Headline C,CTA 2,Image 1,Offer X,1204,696,3653
Headline B,CTA 1,Image 2,Offer Y,6552,504,2206
Headline B,CTA 1,Image 2,Offer X,5927,313,2606
Headline A,CTA 1,Image 3,Offer Z,5390,784,2067
Headline A,CTA 3,Image 1,Offer Z,3687,602,2708
Headline A,CTA 2,Image 2,Offer Y,5951,820,2831
Headline B,CTA 3,Image 3,Offer Y,7160,547,2653
Headline C,CTA 3,Image 2,Offer X,6388,993,1628
Headline A,CTA 2,Image 3,Offer X,6126,675,4010
Headline A,CTA 3,Image 1,Offer X,1816,357,4823
Headline B,CTA 2,Image 1,Offer X,1192,943,4153
Headline A,CTA 1,Image 1,Offer Z,2776,220,2865
Headline C,CTA 2,Image 1,Offer Z,4645,909,3421
Headline C,CTA 1,Image 2,Offer Y,7314,153,1579
Headline A,CTA 3,Image 2,Offer X,9442,430,4011
Headline A,CTA 3,Image 1,Offer X,2788,883,3241
Headline B,CTA 1,Image 1,Offer Y,8374,340,3520
Headline C,CTA 3,Image 1,Offer X,4700,854,728
Headline C,CTA 2,Image 2,Offer X,4893,629,670
Headline A,CTA 1,Image 1,Offer X,7811,582,794
Headline B,CTA 3,Image 1,Offer X,3679,286,4784
Headline C,CTA 1,Image 1,Offer X,4904,957,925
Headline C,CTA 2,Image 3,Offer Y,8260,755,1418
Headline B,CTA 2,Image 1,Offer X,1504,361,3753
Headline B,CTA 3,Image 3,Offer Y,7773,463,998
Headline C,CTA 2,Image 3,Offer X,4816,590,3309
Headline C,CTA 1,Image 1,Offer Z,1717,530,1325
Headline B,CTA 2,Image 3,Offer Z,5434,338,4279
Headline C,CTA 1,Image 1,Offer Z,1658,403,2358
Headline A,CTA 1,Image 2,Offer Z,6057,397,2618
Headline A,CTA 2,Image 2,Offer Y,5008,175,645
Headline B,CTA 3,Image 2,Offer Y,5994,799,4077
Headline B,CTA 2,Image 2,Offer X,5234,432,692
Headline B,CTA 1,Image 3,Offer Z,4764,999,4388
Headline A,CTA 1,Image 1,Offer Y,5637,857,551
Headline C,CTA 2,Image 1,Offer X,3104,741,2910
Headline A,CTA 3,Image 1,Offer X,7801,573,2320
Headline C,CTA 3,Image 2,Offer Y,9575,926,3464
Headline A,CTA 1,Image 2,Offer Z,3607,382,3021
Headline C,CTA 1,Image 1,Offer X,9385,690,2369
Headline A,CTA 3,Image 2,Offer Z,4719,171,3068
Headline B,CTA 2,Image 1,Offer Z,3581,362,2367
Headline A,CTA 1,Image 1,Offer Z,3565,802,3238
Headline C,CTA 1,Image 1,Offer X,3763,978,3769
Headline A,CTA 3,Image 1,Offer Z,7328,986,3699
Headline A,CTA 2,Image 1,Offer X,6991,674,3079
Headline A,CTA 3,Image 1,Offer Z,4406,991,4505
Headline B,CTA 2,Image 1,Offer X,9923,111,740
Headline A,CTA 2,Image 2,Offer Z,5780,240,3940
Headline B,CTA 2,Image 1,Offer Y,5177,865,1907
Headline B,CTA 1,Image 1,Offer Z,7476,654,4002
Headline A,CTA 3,Image 2,Offer Z,3604,116,4538
Headline A,CTA 3,Image 2,Offer X,9181,162,582
Headline A,CTA 2,Image 2,Offer X,3382,352,4268
Headline C,CTA 1,Image 1,Offer Z,1531,564,1450
Headline A,CTA 1,Image 3,Offer Y,7079,475,1110
Headline B,CTA 3,Image 3,Offer Y,1634,903,4105
Headline A,CTA 1,Image 2,Offer X,1002,619,3783
Headline C,CTA 1,Image 3,Offer Y,9397,936,2673
Headline A,CTA 2,Image 2,Offer Z,6951,189,3984
Headline C,CTA 1,Image 1,Offer X,6626,819,2022
Headline C,CTA 2,Image 3,Offer Z,8739,903,3101
Headline A,CTA 3,Image 1,Offer X,7003,895,3157
Headline B,CTA 1,Image 3,Offer X,3890,729,2659
Headline C,CTA 3,Image 1,Offer X,7239,960,2949
Headline A,CTA 3,Image 3,Offer X,9026,274,4330
Headline A,CTA 1,Image 1,Offer Y,4306,175,621
Headline B,CTA 1,Image 1,Offer Z,1897,712,4868
Headline C,CTA 3,Image 3,Offer Z,1670,762,1817
Headline C,CTA 1,Image 1,Offer Z,8291,499,4993
Headline A,CTA 2,Image 1,Offer X,2505,881,3018
Headline A,CTA 2,Image 1,Offer Y,7460,170,1730
Headline B,CTA 1,Image 3,Offer Z,6167,279,1633
Headline B,CTA 3,Image 3,Offer Y,6255,223,1801
Headline C,CTA 1,Image 1,Offer X,1249,480,4534
Headline C,CTA 1,Image 1,Offer Z,7457,392,2410
Headline A,CTA 3,Image 3,Offer Y,2892,896,2005
Headline C,CTA 3,Image 3,Offer X,4439,294,3685
Headline B,CTA 2,Image 1,Offer Y,3854,327,2416
Headline B,CTA 3,Image 1,Offer Z,4792,530,4048
Headline A,CTA 2,Image 1,Offer Z,6330,535,3257
Headline B,CTA 3,Image 2,Offer X,8871,886,2456
Headline B,CTA 1,Image 3,Offer X,9235,560,678
Headline B,CTA 2,Image 2,Offer X,4612,717,1396
Headline B,CTA 2,Image 3,Offer Y,3618,120,2051
Headline A,CTA 2,Image 3,Offer Y,5678,163,991
Headline A,CTA 1,Image 3,Offer Y,4163,264,560
Headline C,CTA 1,Image 3,Offer X,3942,126,1577
Headline B,CTA 1,Image 3,Offer Z,9411,410,3395
Headline C,CTA 1,Image 3,Offer Z,2925,384,4660
Headline A,CTA 1,Image 3,Offer Y,3972,759,4183
Headline A,CTA 2,Image 2,Offer Y,1990,380,1085
Headline A,CTA 1,Image 1,Offer Z,2812,937,4460
Headline A,CTA 2,Image 1,Offer Z,9995,930,4270
Headline A,CTA 1,Image 2,Offer Y,1489,263,1034
Headline A,CTA 3,Image 2,Offer Y,6876,997,3962
Headline A,CTA 2,Image 2,Offer Z,4645,323,4511
Headline B,CTA 3,Image 2,Offer X,8081,883,3898
Headline C,CTA 2,Image 3,Offer Y,3891,245,2655
Headline A,CTA 3,Image 1,Offer Z,4516,967,1504
Headline B,CTA 1,Image 3,Offer Z,4340,129,2999
Headline B,CTA 1,Image 1,Offer Z,7410,144,826
Headline C,CTA 1,Image 1,Offer Z,1053,886,3206
Headline A,CTA 2,Image 2,Offer X,3575,570,501
Headline C,CTA 3,Image 3,Offer Z,1615,133,1533
Headline A,CTA 1,Image 2,Offer Y,6944,752,2981
Headline B,CTA 3,Image 3,Offer X,8404,526,624
Headline B,CTA 3,Image 1,Offer Z,1954,929,1604
Headline B,CTA 1,Image 2,Offer X,2629,985,3199
Headline B,CTA 1,Image 2,Offer Y,7859,320,2361
Headline C,CTA 3,Image 1,Offer Z,9841,967,3420
Headline A,CTA 1,Image 1,Offer Y,4278,633,628
Headline A,CTA 1,Image 1,Offer Z,6455,791,937
Headline C,CTA 1,Image 2,Offer Z,4801,466,3048
Headline A,CTA 2,Image 3,Offer Z,3561,940,3629
Headline B,CTA 3,Image 2,Offer Z,7539,842,1721
Headline A,CTA 3,Image 3,Offer Z,1370,649,1401
Headline B,CTA 2,Image 2,Offer X,1857,681,3668
Headline C,CTA 3,Image 2,Offer Z,5886,215,4986
Headline A,CTA 1,Image 1,Offer Z,8485,338,4418
Headline C,CTA 3,Image 3,Offer X,1383,434,1567
Headline A,CTA 1,Image 2,Offer X,5334,540,526
Headline B,CTA 2,Image 2,Offer X,5290,247,1047
Headline C,CTA 1,Image 1,Offer X,3725,108,3168
Headline A,CTA 3,Image 1,Offer X,7204,387,1066
Headline B,CTA 3,Image 3,Offer X,7111,487,1203
Headline C,CTA 3,Image 2,Offer Z,5251,149,4780
Headline C,CTA 2,Image 3,Offer Z,1922,949,3640
Headline A,CTA 2,Image 2,Offer Y,3915,616,2090
Headline A,CTA 3,Image 3,Offer Z,8957,954,1305
Headline A,CTA 1,Image 1,Offer Z,4046,737,4291
Headline B,CTA 2,Image 2,Offer X,2230,686,1857
Headline A,CTA 3,Image 3,Offer X,8647,776,3725
Headline C,CTA 3,Image 1,Offer Z,5933,377,4118
Headline C,CTA 2,Image 1,Offer Y,4940,935,2626
Headline A,CTA 2,Image 3,Offer X,7483,399,2960
Headline A,CTA 2,Image 2,Offer Z,1203,901,1045
Headline C,CTA 1,Image 2,Offer Z,1160,688,3228
Headline B,CTA 1,Image 1,Offer Y,9960,909,4234
Headline A,CTA 3,Image 2,Offer Y,4748,748,3062
Headline A,CTA 2,Image 2,Offer X,7718,717,2579
Headline C,CTA 1,Image 2,Offer Y,3581,706,3141
Headline A,CTA 2,Image 1,Offer Z,2093,234,3614
Headline B,CTA 3,Image 3,Offer Z,5500,679,2426
Headline C,CTA 1,Image 2,Offer Y,9799,246,1116
Headline A,CTA 1,Image 1,Offer Y,6710,589,4144
Headline C,CTA 1,Image 1,Offer Y,3875,577,1703
Headline A,CTA 3,Image 3,Offer Y,4191,258,2259
Headline A,CTA 2,Image 2,Offer X,2837,483,3065
Headline A,CTA 1,Image 2,Offer Y,1689,262,3674
Headline B,CTA 3,Image 3,Offer X,4759,540,3581
Headline B,CTA 2,Image 3,Offer Z,3103,952,3130
Headline C,CTA 3,Image 1,Offer Y,1365,288,3661
Headline A,CTA 2,Image 1,Offer X,9092,514,4821
Headline A,CTA 3,Image 3,Offer Y,5172,438,1169
Headline B,CTA 2,Image 2,Offer Z,7033,706,3668
Headline A,CTA 1,Image 1,Offer Z,3378,280,2621
Headline B,CTA 2,Image 1,Offer Z,2205,387,4578
Headline A,CTA 3,Image 2,Offer Y,5988,933,4651
Headline C,CTA 3,Image 1,Offer Y,6669,286,1219
Headline A,CTA 2,Image 2,Offer X,3735,983,3100
Headline A,CTA 1,Image 2,Offer Z,9490,237,4098
Headline B,CTA 1,Image 2,Offer Y,1956,229,1166
Headline A,CTA 2,Image 3,Offer Z,7623,293,783
Headline A,CTA 2,Image 3,Offer Z,2474,415,4403
Headline B,CTA 3,Image 3,Offer X,5460,884,4065
Headline C,CTA 1,Image 2,Offer X,8002,963,2734
Headline C,CTA 2,Image 2,Offer X,7396,243,1965
Headline B,CTA 1,Image 3,Offer X,3828,115,629
Headline B,CTA 2,Image 1,Offer Z,3850,401,2560
Headline B,CTA 2,Image 2,Offer X,3964,522,4172
Headline B,CTA 1,Image 1,Offer X,5594,344,2994
Headline B,CTA 2,Image 1,Offer X,7644,206,1492
Headline C,CTA 2,Image 2,Offer X,3850,187,2621
Headline C,CTA 3,Image 2,Offer Z,1165,228,3084
Headline B,CTA 2,Image 1,Offer X,1919,986,4696
Headline A,CTA 2,Image 1,Offer Z,9305,440,2723
Headline B,CTA 2,Image 3,Offer Y,4504,103,3688
Headline A,CTA 3,Image 3,Offer Z,1991,426,3737
Headline B,CTA 1,Image 2,Offer Z,7047,509,4636
Headline B,CTA 3,Image 3,Offer X,4839,978,843
Headline C,CTA 3,Image 3,Offer Y,2258,405,4961
Headline A,CTA 1,Image 3,Offer Y,8609,706,2776
Headline A,CTA 3,Image 3,Offer Y,9706,820,3701
Headline C,CTA 1,Image 1,Offer Y,5804,324,1388
Headline C,CTA 3,Image 2,Offer Z,1067,447,2543
Headline C,CTA 1,Image 3,Offer Y,6660,420,1841
Headline C,CTA 2,Image 1,Offer Z,5478,658,4220
Headline A,CTA 3,Image 1,Offer Z,9210,280,3383
Headline A,CTA 3,Image 1,Offer Z,4521,717,4712
Headline B,CTA 3,Image 3,Offer Y,1572,810,2915
Headline B,CTA 3,Image 3,Offer X,8082,485,1617
Headline C,CTA 2,Image 2,Offer X,8832,717,4763
Headline C,CTA 3,Image 3,Offer Y,6395,891,3501
Headline C,CTA 2,Image 3,Offer X,3258,871,2238
Headline B,CTA 2,Image 1,Offer X,7039,207,1864
Headline B,CTA 2,Image 2,Offer Z,1650,630,3208
Headline B,CTA 2,Image 3,Offer Z,6741,509,1424
Headline B,CTA 1,Image 3,Offer Y,7838,395,651
Headline B,CTA 1,Image 1,Offer Y,3587,917,1085
Headline B,CTA 3,Image 1,Offer X,8876,270,1412
Headline B,CTA 1,Image 3,Offer Z,4262,430,2821
Headline C,CTA 1,Image 2,Offer Y,2338,592,995
Headline C,CTA 3,Image 2,Offer Y,5996,294,4295
Headline C,CTA 3,Image 1,Offer Y,6780,111,2648
Headline C,CTA 3,Image 1,Offer Y,3827,294,1056
Headline B,CTA 1,Image 3,Offer Y,6232,589,2052
Headline A,CTA 1,Image 1,Offer Y,3217,894,2620
Headline B,CTA 3,Image 3,Offer X,4539,980,3585
Headline A,CTA 2,Image 2,Offer Z,8845,281,4004
Headline C,CTA 3,Image 2,Offer Z,5383,916,656
Headline B,CTA 2,Image 3,Offer Y,3961,755,1234
Headline C,CTA 2,Image 1,Offer Z,4226,997,3776
Headline B,CTA 3,Image 2,Offer Z,7837,415,654
Headline C,CTA 3,Image 1,Offer Z,8031,793,1496
Headline A,CTA 3,Image 2,Offer Y,4716,129,2794
Headline A,CTA 1,Image 3,Offer Y,4414,695,3405
Headline A,CTA 2,Image 3,Offer Z,2448,777,1677
Headline B,CTA 1,Image 3,Offer Z,1570,895,653
Headline A,CTA 1,Image 2,Offer Y,3904,892,4687
Headline B,CTA 3,Image 1,Offer X,3505,195,2216
Headline A,CTA 1,Image 1,Offer Z,1917,480,3702
Headline A,CTA 3,Image 1,Offer X,7982,877,3357
Headline B,CTA 2,Image 2,Offer Z,8427,543,1286
Headline B,CTA 3,Image 2,Offer X,7336,397,4868
Headline A,CTA 1,Image 2,Offer X,2678,907,4772
Headline B,CTA 1,Image 2,Offer X,1615,836,4267
Headline A,CTA 3,Image 2,Offer Y,8086,944,3378
Headline B,CTA 3,Image 1,Offer X,5749,460,1142
Headline C,CTA 1,Image 2,Offer X,4505,473,1165
Headline C,CTA 2,Image 2,Offer X,5529,653,3926
Headline C,CTA 2,Image 1,Offer Z,2135,402,4283
Headline C,CTA 3,Image 2,Offer X,9566,520,4201
Headline C,CTA 2,Image 1,Offer Z,8226,345,1569
Headline A,CTA 1,Image 1,Offer X,6162,819,2849
Headline C,CTA 3,Image 3,Offer X,1206,336,1712
Headline C,CTA 1,Image 3,Offer Y,5875,633,1652
Headline C,CTA 1,Image 3,Offer Z,2319,284,3011
Headline C,CTA 2,Image 3,Offer X,2141,567,643
Headline B,CTA 3,Image 2,Offer Z,5627,853,2989
Headline A,CTA 3,Image 3,Offer Z,8389,462,3728
Headline C,CTA 2,Image 1,Offer Y,3690,382,3705
Headline C,CTA 1,Image 2,Offer Y,8323,652,4743
Headline C,CTA 1,Image 3,Offer Y,4255,435,3642
Headline A,CTA 1,Image 1,Offer Y,9281,261,3804
Headline B,CTA 1,Image 2,Offer Y,6213,259,1857
Headline A,CTA 3,Image 2,Offer Y,5108,573,3213
Headline B,CTA 3,Image 3,Offer Y,4020,700,4685
Headline C,CTA 2,Image 2,Offer Y,2857,421,1857
Headline C,CTA 2,Image 1,Offer X,9996,111,4794
Headline A,CTA 3,Image 2,Offer Z,3789,523,3692
Headline A,CTA 3,Image 1,Offer Y,4875,172,800
Headline B,CTA 1,Image 2,Offer Y,8605,687,1223
Headline B,CTA 1,Image 3,Offer Z,9135,957,3510
Headline A,CTA 2,Image 1,Offer X,7055,300,567
Headline B,CTA 3,Image 2,Offer Z,4882,621,4336
Headline A,CTA 2,Image 2,Offer Z,8175,963,4493
Headline B,CTA 3,Image 2,Offer Y,8129,604,3006
Headline A,CTA 1,Image 1,Offer Z,6021,837,2037
Headline A,CTA 2,Image 1,Offer Z,5735,787,897
Headline A,CTA 2,Image 1,Offer Y,3387,887,3857
Headline B,CTA 3,Image 3,Offer Y,7582,138,1663
Headline B,CTA 1,Image 3,Offer Y,6866,159,1055
Headline B,CTA 2,Image 1,Offer Y,3566,677,4161
Headline A,CTA 1,Image 2,Offer Z,1975,420,2251
Headline B,CTA 2,Image 3,Offer Z,8212,534,3441
Headline B,CTA 1,Image 1,Offer X,2262,735,3157
Headline A,CTA 3,Image 2,Offer X,6047,775,3295
Headline C,CTA 2,Image 3,Offer Z,8382,507,2829
Headline A,CTA 2,Image 2,Offer X,7231,485,2459
Headline B,CTA 1,Image 2,Offer Z,4327,770,2101
Headline A,CTA 1,Image 2,Offer X,6630,668,3293
Headline C,CTA 2,Image 2,Offer Y,3259,177,1980
Headline A,CTA 3,Image 3,Offer X,2257,293,1602
Headline B,CTA 1,Image 3,Offer Y,1464,384,3776
Headline C,CTA 1,Image 3,Offer Y,4294,626,1799
Headline B,CTA 1,Image 1,Offer Y,7774,623,4379
Headline C,CTA 2,Image 3,Offer Y,8431,712,2035
Headline C,CTA 2,Image 2,Offer X,2230,255,577
Headline A,CTA 2,Image 3,Offer Z,4805,439,3331
Headline A,CTA 2,Image 2,Offer Y,7419,224,3910
Headline B,CTA 3,Image 1,Offer X,6750,970,3221
Headline A,CTA 3,Image 2,Offer Y,4856,379,4127
Headline A,CTA 2,Image 2,Offer X,4135,721,2032
Headline C,CTA 3,Image 2,Offer X,7953,945,737
Headline A,CTA 1,Image 1,Offer X,7034,968,2496
Headline C,CTA 1,Image 3,Offer Z,5589,757,3927
Headline C,CTA 1,Image 3,Offer X,2546,827,777
Headline C,CTA 2,Image 1,Offer X,7065,773,3589
Headline B,CTA 1,Image 2,Offer Z,2094,227,1023
Headline B,CTA 3,Image 3,Offer Z,3411,413,4775
Headline B,CTA 2,Image 1,Offer X,3617,431,4718
Headline C,CTA 3,Image 3,Offer Z,9954,249,3622
Headline B,CTA 1,Image 1,Offer Y,5145,553,2297
Headline B,CTA 1,Image 2,Offer Y,3775,135,2631
Headline A,CTA 1,Image 3,Offer Z,7628,784,1315
Headline B,CTA 2,Image 1,Offer Z,4155,519,3194
Headline B,CTA 3,Image 3,Offer X,4970,121,942
Headline C,CTA 2,Image 3,Offer Z,8972,305,3640
Headline C,CTA 2,Image 3,Offer X,9775,738,642
Headline C,CTA 1,Image 3,Offer Y,6415,947,4787
Headline C,CTA 2,Image 1,Offer Z,5331,455,1910
Headline C,CTA 2,Image 2,Offer X,2942,539,4973
Headline C,CTA 1,Image 1,Offer X,7026,828,1034
Headline B,CTA 2,Image 1,Offer Y,9301,195,2216
Headline C,CTA 1,Image 1,Offer Z,1191,263,3864
Headline C,CTA 1,Image 2,Offer Y,1861,247,1532
Headline A,CTA 1,Image 3,Offer X,7711,629,3842
Headline B,CTA 1,Image 3,Offer X,1649,393,1910
Headline B,CTA 2,Image 3,Offer Z,5134,294,1672
Headline B,CTA 1,Image 2,Offer X,8587,762,1388
Headline C,CTA 1,Image 3,Offer Z,9828,579,3838
Headline C,CTA 2,Image 2,Offer Y,2036,976,2141
Headline C,CTA 2,Image 3,Offer Z,5131,222,971
Headline A,CTA 3,Image 3,Offer Z,3148,499,3440
Headline C,CTA 2,Image 1,Offer X,6457,798,1046
Headline A,CTA 2,Image 2,Offer X,7079,551,4097
Headline B,CTA 3,Image 1,Offer Z,3430,760,3325
Headline C,CTA 2,Image 1,Offer X,2879,203,4223
Headline A,CTA 2,Image 1,Offer X,8542,854,863
Headline A,CTA 2,Image 2,Offer X,3011,561,2666
Headline C,CTA 2,Image 2,Offer Z,4373,842,3809
Headline B,CTA 3,Image 3,Offer X,8357,817,1045
Headline B,CTA 2,Image 1,Offer Z,2289,809,3740
Headline B,CTA 2,Image 3,Offer X,2447,495,2436
Headline A,CTA 3,Image 1,Offer Y,4199,436,1462
Headline A,CTA 1,Image 2,Offer X,7381,698,3505
Headline A,CTA 3,Image 2,Offer X,8522,241,4306
Headline A,CTA 1,Image 2,Offer Z,7059,416,1382
Headline B,CTA 3,Image 1,Offer Z,4183,810,4340
Headline C,CTA 3,Image 2,Offer X,6462,657,1370
Headline A,CTA 2,Image 1,Offer Y,4216,899,3485
Headline A,CTA 1,Image 3,Offer X,4136,626,1365
Headline B,CTA 2,Image 1,Offer X,4318,655,4809
Headline C,CTA 1,Image 3,Offer Y,3782,500,3703
Headline C,CTA 3,Image 1,Offer Z,8657,780,3397
Headline B,CTA 3,Image 3,Offer X,5920,409,2744
Headline B,CTA 1,Image 2,Offer Z,7324,594,518
Headline C,CTA 2,Image 3,Offer Z,7327,655,1141
Headline A,CTA 2,Image 2,Offer Y,9417,709,3583
Headline C,CTA 2,Image 2,Offer Y,1776,872,829
Headline B,CTA 2,Image 3,Offer Z,6208,208,1365
Headline A,CTA 3,Image 1,Offer X,1687,894,1273
Headline A,CTA 3,Image 1,Offer Z,1529,471,4987
Headline B,CTA 3,Image 1,Offer X,6067,954,2854
Headline B,CTA 3,Image 1,Offer X,9080,715,3838
Headline B,CTA 3,Image 1,Offer Y,6518,867,4018
Headline C,CTA 2,Image 2,Offer X,3153,990,3442
Headline C,CTA 2,Image 1,Offer X,7094,305,3067
Headline A,CTA 2,Image 2,Offer Z,7974,946,2174
Headline B,CTA 2,Image 2,Offer Y,5774,142,3183
Headline A,CTA 3,Image 2,Offer X,8692,964,3880
Headline A,CTA 3,Image 3,Offer X,4103,344,1239
Headline A,CTA 3,Image 3,Offer Y,3440,386,2045
Headline A,CTA 1,Image 2,Offer Z,5135,454,2759
Headline B,CTA 2,Image 3,Offer Y,8124,884,1635
Headline A,CTA 2,Image 1,Offer Y,6201,575,1373
Headline B,CTA 3,Image 1,Offer X,1844,182,2800
Headline B,CTA 2,Image 2,Offer X,1446,209,1251
Headline C,CTA 2,Image 1,Offer Z,4915,289,1353
Headline B,CTA 3,Image 2,Offer X,4109,899,4232
Headline C,CTA 1,Image 2,Offer X,2234,350,2783
Headline B,CTA 1,Image 1,Offer Y,7587,823,1829
Headline B,CTA 1,Image 3,Offer X,1226,390,977
Headline B,CTA 3,Image 1,Offer Z,5143,744,3226
Headline C,CTA 2,Image 1,Offer Y,8185,300,3591
Headline C,CTA 3,Image 2,Offer Z,6558,896,4730
Headline A,CTA 3,Image 2,Offer Y,1186,425,1769
